--
-- PostgreSQL database dump
--

-- Dumped from database version 14.8 (Ubuntu 14.8-0ubuntu0.22.10.1)
-- Dumped by pg_dump version 14.8 (Ubuntu 14.8-0ubuntu0.22.10.1)

SET statement_timeout = 0;
SET lock_timeout = 0;
SET idle_in_transaction_session_timeout = 0;
SET client_encoding = 'UTF8';
SET standard_conforming_strings = on;
SELECT pg_catalog.set_config('search_path', '', false);
SET check_function_bodies = false;
SET xmloption = content;
SET client_min_messages = warning;
SET row_security = off;

SET default_tablespace = '';

SET default_table_access_method = heap;

--
-- Name: auth_group; Type: TABLE; Schema: public; Owner: myprojectuser
--

CREATE TABLE public.auth_group (
    id integer NOT NULL,
    name character varying(150) NOT NULL
);


ALTER TABLE public.auth_group OWNER TO myprojectuser;

--
-- Name: auth_group_id_seq; Type: SEQUENCE; Schema: public; Owner: myprojectuser
--

ALTER TABLE public.auth_group ALTER COLUMN id ADD GENERATED BY DEFAULT AS IDENTITY (
    SEQUENCE NAME public.auth_group_id_seq
    START WITH 1
    INCREMENT BY 1
    NO MINVALUE
    NO MAXVALUE
    CACHE 1
);


--
-- Name: auth_group_permissions; Type: TABLE; Schema: public; Owner: myprojectuser
--

CREATE TABLE public.auth_group_permissions (
    id bigint NOT NULL,
    group_id integer NOT NULL,
    permission_id integer NOT NULL
);


ALTER TABLE public.auth_group_permissions OWNER TO myprojectuser;

--
-- Name: auth_group_permissions_id_seq; Type: SEQUENCE; Schema: public; Owner: myprojectuser
--

ALTER TABLE public.auth_group_permissions ALTER COLUMN id ADD GENERATED BY DEFAULT AS IDENTITY (
    SEQUENCE NAME public.auth_group_permissions_id_seq
    START WITH 1
    INCREMENT BY 1
    NO MINVALUE
    NO MAXVALUE
    CACHE 1
);


--
-- Name: auth_permission; Type: TABLE; Schema: public; Owner: myprojectuser
--

CREATE TABLE public.auth_permission (
    id integer NOT NULL,
    name character varying(255) NOT NULL,
    content_type_id integer NOT NULL,
    codename character varying(100) NOT NULL
);


ALTER TABLE public.auth_permission OWNER TO myprojectuser;

--
-- Name: auth_permission_id_seq; Type: SEQUENCE; Schema: public; Owner: myprojectuser
--

ALTER TABLE public.auth_permission ALTER COLUMN id ADD GENERATED BY DEFAULT AS IDENTITY (
    SEQUENCE NAME public.auth_permission_id_seq
    START WITH 1
    INCREMENT BY 1
    NO MINVALUE
    NO MAXVALUE
    CACHE 1
);


--
-- Name: auth_user; Type: TABLE; Schema: public; Owner: myprojectuser
--

CREATE TABLE public.auth_user (
    id integer NOT NULL,
    password character varying(128) NOT NULL,
    last_login timestamp with time zone,
    is_superuser boolean NOT NULL,
    username character varying(150) NOT NULL,
    first_name character varying(150) NOT NULL,
    last_name character varying(150) NOT NULL,
    email character varying(254) NOT NULL,
    is_staff boolean NOT NULL,
    is_active boolean NOT NULL,
    date_joined timestamp with time zone NOT NULL
);


ALTER TABLE public.auth_user OWNER TO myprojectuser;

--
-- Name: auth_user_groups; Type: TABLE; Schema: public; Owner: myprojectuser
--

CREATE TABLE public.auth_user_groups (
    id bigint NOT NULL,
    user_id integer NOT NULL,
    group_id integer NOT NULL
);


ALTER TABLE public.auth_user_groups OWNER TO myprojectuser;

--
-- Name: auth_user_groups_id_seq; Type: SEQUENCE; Schema: public; Owner: myprojectuser
--

ALTER TABLE public.auth_user_groups ALTER COLUMN id ADD GENERATED BY DEFAULT AS IDENTITY (
    SEQUENCE NAME public.auth_user_groups_id_seq
    START WITH 1
    INCREMENT BY 1
    NO MINVALUE
    NO MAXVALUE
    CACHE 1
);


--
-- Name: auth_user_id_seq; Type: SEQUENCE; Schema: public; Owner: myprojectuser
--

ALTER TABLE public.auth_user ALTER COLUMN id ADD GENERATED BY DEFAULT AS IDENTITY (
    SEQUENCE NAME public.auth_user_id_seq
    START WITH 1
    INCREMENT BY 1
    NO MINVALUE
    NO MAXVALUE
    CACHE 1
);


--
-- Name: auth_user_user_permissions; Type: TABLE; Schema: public; Owner: myprojectuser
--

CREATE TABLE public.auth_user_user_permissions (
    id bigint NOT NULL,
    user_id integer NOT NULL,
    permission_id integer NOT NULL
);


ALTER TABLE public.auth_user_user_permissions OWNER TO myprojectuser;

--
-- Name: auth_user_user_permissions_id_seq; Type: SEQUENCE; Schema: public; Owner: myprojectuser
--

ALTER TABLE public.auth_user_user_permissions ALTER COLUMN id ADD GENERATED BY DEFAULT AS IDENTITY (
    SEQUENCE NAME public.auth_user_user_permissions_id_seq
    START WITH 1
    INCREMENT BY 1
    NO MINVALUE
    NO MAXVALUE
    CACHE 1
);


--
-- Name: django_admin_log; Type: TABLE; Schema: public; Owner: myprojectuser
--

CREATE TABLE public.django_admin_log (
    id integer NOT NULL,
    action_time timestamp with time zone NOT NULL,
    object_id text,
    object_repr character varying(200) NOT NULL,
    action_flag smallint NOT NULL,
    change_message text NOT NULL,
    content_type_id integer,
    user_id integer NOT NULL,
    CONSTRAINT django_admin_log_action_flag_check CHECK ((action_flag >= 0))
);


ALTER TABLE public.django_admin_log OWNER TO myprojectuser;

--
-- Name: django_admin_log_id_seq; Type: SEQUENCE; Schema: public; Owner: myprojectuser
--

ALTER TABLE public.django_admin_log ALTER COLUMN id ADD GENERATED BY DEFAULT AS IDENTITY (
    SEQUENCE NAME public.django_admin_log_id_seq
    START WITH 1
    INCREMENT BY 1
    NO MINVALUE
    NO MAXVALUE
    CACHE 1
);


--
-- Name: django_content_type; Type: TABLE; Schema: public; Owner: myprojectuser
--

CREATE TABLE public.django_content_type (
    id integer NOT NULL,
    app_label character varying(100) NOT NULL,
    model character varying(100) NOT NULL
);


ALTER TABLE public.django_content_type OWNER TO myprojectuser;

--
-- Name: django_content_type_id_seq; Type: SEQUENCE; Schema: public; Owner: myprojectuser
--

ALTER TABLE public.django_content_type ALTER COLUMN id ADD GENERATED BY DEFAULT AS IDENTITY (
    SEQUENCE NAME public.django_content_type_id_seq
    START WITH 1
    INCREMENT BY 1
    NO MINVALUE
    NO MAXVALUE
    CACHE 1
);


--
-- Name: django_girls_app_entry; Type: TABLE; Schema: public; Owner: myprojectuser
--

CREATE TABLE public.django_girls_app_entry (
    id bigint NOT NULL,
    text text NOT NULL,
    date_added timestamp with time zone NOT NULL,
    topic_id bigint NOT NULL
);


ALTER TABLE public.django_girls_app_entry OWNER TO myprojectuser;

--
-- Name: django_girls_app_entry_id_seq; Type: SEQUENCE; Schema: public; Owner: myprojectuser
--

ALTER TABLE public.django_girls_app_entry ALTER COLUMN id ADD GENERATED BY DEFAULT AS IDENTITY (
    SEQUENCE NAME public.django_girls_app_entry_id_seq
    START WITH 1
    INCREMENT BY 1
    NO MINVALUE
    NO MAXVALUE
    CACHE 1
);


--
-- Name: django_girls_app_topic; Type: TABLE; Schema: public; Owner: myprojectuser
--

CREATE TABLE public.django_girls_app_topic (
    id bigint NOT NULL,
    text character varying(200) NOT NULL,
    date_added timestamp with time zone NOT NULL,
    owner_id integer NOT NULL
);


ALTER TABLE public.django_girls_app_topic OWNER TO myprojectuser;

--
-- Name: django_girls_app_topic_id_seq; Type: SEQUENCE; Schema: public; Owner: myprojectuser
--

ALTER TABLE public.django_girls_app_topic ALTER COLUMN id ADD GENERATED BY DEFAULT AS IDENTITY (
    SEQUENCE NAME public.django_girls_app_topic_id_seq
    START WITH 1
    INCREMENT BY 1
    NO MINVALUE
    NO MAXVALUE
    CACHE 1
);


--
-- Name: django_migrations; Type: TABLE; Schema: public; Owner: myprojectuser
--

CREATE TABLE public.django_migrations (
    id bigint NOT NULL,
    app character varying(255) NOT NULL,
    name character varying(255) NOT NULL,
    applied timestamp with time zone NOT NULL
);


ALTER TABLE public.django_migrations OWNER TO myprojectuser;

--
-- Name: django_migrations_id_seq; Type: SEQUENCE; Schema: public; Owner: myprojectuser
--

ALTER TABLE public.django_migrations ALTER COLUMN id ADD GENERATED BY DEFAULT AS IDENTITY (
    SEQUENCE NAME public.django_migrations_id_seq
    START WITH 1
    INCREMENT BY 1
    NO MINVALUE
    NO MAXVALUE
    CACHE 1
);


--
-- Name: django_session; Type: TABLE; Schema: public; Owner: myprojectuser
--

CREATE TABLE public.django_session (
    session_key character varying(40) NOT NULL,
    session_data text NOT NULL,
    expire_date timestamp with time zone NOT NULL
);


ALTER TABLE public.django_session OWNER TO myprojectuser;

--
-- Data for Name: auth_group; Type: TABLE DATA; Schema: public; Owner: myprojectuser
--

COPY public.auth_group (id, name) FROM stdin;
\.


--
-- Data for Name: auth_group_permissions; Type: TABLE DATA; Schema: public; Owner: myprojectuser
--

COPY public.auth_group_permissions (id, group_id, permission_id) FROM stdin;
\.


--
-- Data for Name: auth_permission; Type: TABLE DATA; Schema: public; Owner: myprojectuser
--

COPY public.auth_permission (id, name, content_type_id, codename) FROM stdin;
1	Can add topic	1	add_topic
2	Can change topic	1	change_topic
3	Can delete topic	1	delete_topic
4	Can view topic	1	view_topic
5	Can add entry	2	add_entry
6	Can change entry	2	change_entry
7	Can delete entry	2	delete_entry
8	Can view entry	2	view_entry
9	Can add log entry	3	add_logentry
10	Can change log entry	3	change_logentry
11	Can delete log entry	3	delete_logentry
12	Can view log entry	3	view_logentry
13	Can add permission	4	add_permission
14	Can change permission	4	change_permission
15	Can delete permission	4	delete_permission
16	Can view permission	4	view_permission
17	Can add group	5	add_group
18	Can change group	5	change_group
19	Can delete group	5	delete_group
20	Can view group	5	view_group
21	Can add user	6	add_user
22	Can change user	6	change_user
23	Can delete user	6	delete_user
24	Can view user	6	view_user
25	Can add content type	7	add_contenttype
26	Can change content type	7	change_contenttype
27	Can delete content type	7	delete_contenttype
28	Can view content type	7	view_contenttype
29	Can add session	8	add_session
30	Can change session	8	change_session
31	Can delete session	8	delete_session
32	Can view session	8	view_session
\.


--
-- Data for Name: auth_user; Type: TABLE DATA; Schema: public; Owner: myprojectuser
--

COPY public.auth_user (id, password, last_login, is_superuser, username, first_name, last_name, email, is_staff, is_active, date_joined) FROM stdin;
1	pbkdf2_sha256$600000$OpwdrJFV1BOmcqtxcs9HU6$VYOGTi+uCvwH8/5PSseqGOworTjD6PaRUAA3Cno33o0=	2023-05-31 22:44:55.696551+03	f	django_girls_admin				f	t	2023-05-31 22:33:23.869433+03
2	pbkdf2_sha256$600000$GBqwHKSeOApMCoSFlskDYb$DNds4Z2ECeI66h+gnvMOq3YR6K5bol1zufDdRqhGA14=	2023-05-31 22:46:25.274+03	f	user1				f	t	2023-05-31 22:39:56.929111+03
\.


--
-- Data for Name: auth_user_groups; Type: TABLE DATA; Schema: public; Owner: myprojectuser
--

COPY public.auth_user_groups (id, user_id, group_id) FROM stdin;
\.


--
-- Data for Name: auth_user_user_permissions; Type: TABLE DATA; Schema: public; Owner: myprojectuser
--

COPY public.auth_user_user_permissions (id, user_id, permission_id) FROM stdin;
\.


--
-- Data for Name: django_admin_log; Type: TABLE DATA; Schema: public; Owner: myprojectuser
--

COPY public.django_admin_log (id, action_time, object_id, object_repr, action_flag, change_message, content_type_id, user_id) FROM stdin;
\.


--
-- Data for Name: django_content_type; Type: TABLE DATA; Schema: public; Owner: myprojectuser
--

COPY public.django_content_type (id, app_label, model) FROM stdin;
1	django_girls_app	topic
2	django_girls_app	entry
3	admin	logentry
4	auth	permission
5	auth	group
6	auth	user
7	contenttypes	contenttype
8	sessions	session
\.


--
-- Data for Name: django_girls_app_entry; Type: TABLE DATA; Schema: public; Owner: myprojectuser
--

COPY public.django_girls_app_entry (id, text, date_added, topic_id) FROM stdin;
1	Octopus has 8 legs.	2023-05-31 22:35:32.201448+03	1
2	Shark is a dangerous predator.	2023-05-31 22:35:44.278911+03	1
3	Japanease sea.	2023-05-31 22:36:05.429779+03	2
4	Black sea.	2023-05-31 22:36:16.427522+03	2
5	AK47 - is a good gun.	2023-05-31 22:36:40.701069+03	3
6	Pistol is a small gun.	2023-05-31 22:36:50.103982+03	3
7	Eagle is flying in the sky.	2023-05-31 22:37:15.523137+03	4
8	Lion is a king of animals.	2023-05-31 22:37:43.051398+03	4
9	Betelgeize is a hot red star.	2023-05-31 22:38:05.88151+03	5
10	Sun is our star. Its light goes to Earth in 8 minutes.	2023-05-31 22:38:19.822393+03	5
11	Earth is the planet You live on. It is the third planet from the Sun.	2023-05-31 22:38:35.507728+03	6
12	Venus is the hottest planet. It is second from the Sun.	2023-05-31 22:38:42.707087+03	6
13	Mercury is the closest to the Sun. It is second hot planet.	2023-05-31 22:38:51.759819+03	6
14	Zero is a number of nothing.	2023-05-31 22:40:43.791179+03	7
15	One is the first number.	2023-05-31 22:40:58.893359+03	7
16	Two is the second number.	2023-05-31 22:41:08.730472+03	7
17	Mother is a momy.	2023-05-31 22:45:30.15251+03	8
18	Father is a daddy.	2023-05-31 22:45:40.607064+03	8
19	Daughter is small.	2023-05-31 22:46:12.796068+03	8
20	House.	2023-05-31 22:47:02.240929+03	9
21	Supermarket.	2023-05-31 22:47:11.394964+03	9
22	Police.	2023-05-31 22:47:31.830834+03	9
\.


--
-- Data for Name: django_girls_app_topic; Type: TABLE DATA; Schema: public; Owner: myprojectuser
--

COPY public.django_girls_app_topic (id, text, date_added, owner_id) FROM stdin;
1	Fishes	2023-05-31 22:33:51.358872+03	1
2	Seas	2023-05-31 22:34:05.277242+03	1
3	Weapons	2023-05-31 22:34:19.999496+03	1
4	Animals	2023-05-31 22:34:41.301185+03	1
5	Stars	2023-05-31 22:34:57.871968+03	1
6	Planets	2023-05-31 22:35:06.284128+03	1
7	Numbers	2023-05-31 22:40:33.936019+03	2
8	Family	2023-05-31 22:45:08.98733+03	1
9	Street	2023-05-31 22:46:49.304253+03	2
\.


--
-- Data for Name: django_migrations; Type: TABLE DATA; Schema: public; Owner: myprojectuser
--

COPY public.django_migrations (id, app, name, applied) FROM stdin;
1	contenttypes	0001_initial	2023-05-31 22:10:37.232096+03
2	auth	0001_initial	2023-05-31 22:10:37.291733+03
3	admin	0001_initial	2023-05-31 22:10:37.309496+03
4	admin	0002_logentry_remove_auto_add	2023-05-31 22:10:37.320973+03
5	admin	0003_logentry_add_action_flag_choices	2023-05-31 22:10:37.329757+03
6	contenttypes	0002_remove_content_type_name	2023-05-31 22:10:37.345606+03
7	auth	0002_alter_permission_name_max_length	2023-05-31 22:10:37.354409+03
8	auth	0003_alter_user_email_max_length	2023-05-31 22:10:37.363347+03
9	auth	0004_alter_user_username_opts	2023-05-31 22:10:37.371129+03
10	auth	0005_alter_user_last_login_null	2023-05-31 22:10:37.378767+03
11	auth	0006_require_contenttypes_0002	2023-05-31 22:10:37.381004+03
12	auth	0007_alter_validators_add_error_messages	2023-05-31 22:10:37.393009+03
13	auth	0008_alter_user_username_max_length	2023-05-31 22:10:37.403362+03
14	auth	0009_alter_user_last_name_max_length	2023-05-31 22:10:37.412671+03
15	auth	0010_alter_group_name_max_length	2023-05-31 22:10:37.423165+03
16	auth	0011_update_proxy_permissions	2023-05-31 22:10:37.430746+03
17	auth	0012_alter_user_first_name_max_length	2023-05-31 22:10:37.438521+03
18	django_girls_app	0001_initial	2023-05-31 22:10:37.444269+03
19	django_girls_app	0002_entry	2023-05-31 22:10:37.458553+03
20	django_girls_app	0003_topic_owner	2023-05-31 22:10:37.471487+03
21	sessions	0001_initial	2023-05-31 22:10:37.483332+03
\.


--
-- Data for Name: django_session; Type: TABLE DATA; Schema: public; Owner: myprojectuser
--

COPY public.django_session (session_key, session_data, expire_date) FROM stdin;
95ih65byq7gh69ek8nshknrj7ejjeufb	.eJxVzMsOwiAUBNB_YW0I74dL9_0GcukFqRpISrsy_rsl6UK3c2bmTQLsWwl7T2tYkFyJIJffLML8THUAPqDeG51b3dYl0lGhp3Y6NUyv29n9OyjQy7HOjqNRlqGxWQnpVYaonHRRAtdcoxzGJdMGD2MMDBrvvE9WeJcxks8Xv3g2_A:1q4Rm5:2ErYN9lyVWvNXEh55aZAY69_EbW5puhJ0NSHYcprD3s	2023-06-14 22:46:25.276231+03
\.


--
-- Name: auth_group_id_seq; Type: SEQUENCE SET; Schema: public; Owner: myprojectuser
--

SELECT pg_catalog.setval('public.auth_group_id_seq', 1, false);


--
-- Name: auth_group_permissions_id_seq; Type: SEQUENCE SET; Schema: public; Owner: myprojectuser
--

SELECT pg_catalog.setval('public.auth_group_permissions_id_seq', 1, false);


--
-- Name: auth_permission_id_seq; Type: SEQUENCE SET; Schema: public; Owner: myprojectuser
--

SELECT pg_catalog.setval('public.auth_permission_id_seq', 32, true);


--
-- Name: auth_user_groups_id_seq; Type: SEQUENCE SET; Schema: public; Owner: myprojectuser
--

SELECT pg_catalog.setval('public.auth_user_groups_id_seq', 1, false);


--
-- Name: auth_user_id_seq; Type: SEQUENCE SET; Schema: public; Owner: myprojectuser
--

SELECT pg_catalog.setval('public.auth_user_id_seq', 2, true);


--
-- Name: auth_user_user_permissions_id_seq; Type: SEQUENCE SET; Schema: public; Owner: myprojectuser
--

SELECT pg_catalog.setval('public.auth_user_user_permissions_id_seq', 1, false);


--
-- Name: django_admin_log_id_seq; Type: SEQUENCE SET; Schema: public; Owner: myprojectuser
--

SELECT pg_catalog.setval('public.django_admin_log_id_seq', 1, false);


--
-- Name: django_content_type_id_seq; Type: SEQUENCE SET; Schema: public; Owner: myprojectuser
--

SELECT pg_catalog.setval('public.django_content_type_id_seq', 8, true);


--
-- Name: django_girls_app_entry_id_seq; Type: SEQUENCE SET; Schema: public; Owner: myprojectuser
--

SELECT pg_catalog.setval('public.django_girls_app_entry_id_seq', 22, true);


--
-- Name: django_girls_app_topic_id_seq; Type: SEQUENCE SET; Schema: public; Owner: myprojectuser
--

SELECT pg_catalog.setval('public.django_girls_app_topic_id_seq', 9, true);


--
-- Name: django_migrations_id_seq; Type: SEQUENCE SET; Schema: public; Owner: myprojectuser
--

SELECT pg_catalog.setval('public.django_migrations_id_seq', 21, true);


--
-- Name: auth_group auth_group_name_key; Type: CONSTRAINT; Schema: public; Owner: myprojectuser
--

ALTER TABLE ONLY public.auth_group
    ADD CONSTRAINT auth_group_name_key UNIQUE (name);


--
-- Name: auth_group_permissions auth_group_permissions_group_id_permission_id_0cd325b0_uniq; Type: CONSTRAINT; Schema: public; Owner: myprojectuser
--

ALTER TABLE ONLY public.auth_group_permissions
    ADD CONSTRAINT auth_group_permissions_group_id_permission_id_0cd325b0_uniq UNIQUE (group_id, permission_id);


--
-- Name: auth_group_permissions auth_group_permissions_pkey; Type: CONSTRAINT; Schema: public; Owner: myprojectuser
--

ALTER TABLE ONLY public.auth_group_permissions
    ADD CONSTRAINT auth_group_permissions_pkey PRIMARY KEY (id);


--
-- Name: auth_group auth_group_pkey; Type: CONSTRAINT; Schema: public; Owner: myprojectuser
--

ALTER TABLE ONLY public.auth_group
    ADD CONSTRAINT auth_group_pkey PRIMARY KEY (id);


--
-- Name: auth_permission auth_permission_content_type_id_codename_01ab375a_uniq; Type: CONSTRAINT; Schema: public; Owner: myprojectuser
--

ALTER TABLE ONLY public.auth_permission
    ADD CONSTRAINT auth_permission_content_type_id_codename_01ab375a_uniq UNIQUE (content_type_id, codename);


--
-- Name: auth_permission auth_permission_pkey; Type: CONSTRAINT; Schema: public; Owner: myprojectuser
--

ALTER TABLE ONLY public.auth_permission
    ADD CONSTRAINT auth_permission_pkey PRIMARY KEY (id);


--
-- Name: auth_user_groups auth_user_groups_pkey; Type: CONSTRAINT; Schema: public; Owner: myprojectuser
--

ALTER TABLE ONLY public.auth_user_groups
    ADD CONSTRAINT auth_user_groups_pkey PRIMARY KEY (id);


--
-- Name: auth_user_groups auth_user_groups_user_id_group_id_94350c0c_uniq; Type: CONSTRAINT; Schema: public; Owner: myprojectuser
--

ALTER TABLE ONLY public.auth_user_groups
    ADD CONSTRAINT auth_user_groups_user_id_group_id_94350c0c_uniq UNIQUE (user_id, group_id);


--
-- Name: auth_user auth_user_pkey; Type: CONSTRAINT; Schema: public; Owner: myprojectuser
--

ALTER TABLE ONLY public.auth_user
    ADD CONSTRAINT auth_user_pkey PRIMARY KEY (id);


--
-- Name: auth_user_user_permissions auth_user_user_permissions_pkey; Type: CONSTRAINT; Schema: public; Owner: myprojectuser
--

ALTER TABLE ONLY public.auth_user_user_permissions
    ADD CONSTRAINT auth_user_user_permissions_pkey PRIMARY KEY (id);


--
-- Name: auth_user_user_permissions auth_user_user_permissions_user_id_permission_id_14a6b632_uniq; Type: CONSTRAINT; Schema: public; Owner: myprojectuser
--

ALTER TABLE ONLY public.auth_user_user_permissions
    ADD CONSTRAINT auth_user_user_permissions_user_id_permission_id_14a6b632_uniq UNIQUE (user_id, permission_id);


--
-- Name: auth_user auth_user_username_key; Type: CONSTRAINT; Schema: public; Owner: myprojectuser
--

ALTER TABLE ONLY public.auth_user
    ADD CONSTRAINT auth_user_username_key UNIQUE (username);


--
-- Name: django_admin_log django_admin_log_pkey; Type: CONSTRAINT; Schema: public; Owner: myprojectuser
--

ALTER TABLE ONLY public.django_admin_log
    ADD CONSTRAINT django_admin_log_pkey PRIMARY KEY (id);


--
-- Name: django_content_type django_content_type_app_label_model_76bd3d3b_uniq; Type: CONSTRAINT; Schema: public; Owner: myprojectuser
--

ALTER TABLE ONLY public.django_content_type
    ADD CONSTRAINT django_content_type_app_label_model_76bd3d3b_uniq UNIQUE (app_label, model);


--
-- Name: django_content_type django_content_type_pkey; Type: CONSTRAINT; Schema: public; Owner: myprojectuser
--

ALTER TABLE ONLY public.django_content_type
    ADD CONSTRAINT django_content_type_pkey PRIMARY KEY (id);


--
-- Name: django_girls_app_entry django_girls_app_entry_pkey; Type: CONSTRAINT; Schema: public; Owner: myprojectuser
--

ALTER TABLE ONLY public.django_girls_app_entry
    ADD CONSTRAINT django_girls_app_entry_pkey PRIMARY KEY (id);


--
-- Name: django_girls_app_topic django_girls_app_topic_pkey; Type: CONSTRAINT; Schema: public; Owner: myprojectuser
--

ALTER TABLE ONLY public.django_girls_app_topic
    ADD CONSTRAINT django_girls_app_topic_pkey PRIMARY KEY (id);


--
-- Name: django_migrations django_migrations_pkey; Type: CONSTRAINT; Schema: public; Owner: myprojectuser
--

ALTER TABLE ONLY public.django_migrations
    ADD CONSTRAINT django_migrations_pkey PRIMARY KEY (id);


--
-- Name: django_session django_session_pkey; Type: CONSTRAINT; Schema: public; Owner: myprojectuser
--

ALTER TABLE ONLY public.django_session
    ADD CONSTRAINT django_session_pkey PRIMARY KEY (session_key);


--
-- Name: auth_group_name_a6ea08ec_like; Type: INDEX; Schema: public; Owner: myprojectuser
--

CREATE INDEX auth_group_name_a6ea08ec_like ON public.auth_group USING btree (name varchar_pattern_ops);


--
-- Name: auth_group_permissions_group_id_b120cbf9; Type: INDEX; Schema: public; Owner: myprojectuser
--

CREATE INDEX auth_group_permissions_group_id_b120cbf9 ON public.auth_group_permissions USING btree (group_id);


--
-- Name: auth_group_permissions_permission_id_84c5c92e; Type: INDEX; Schema: public; Owner: myprojectuser
--

CREATE INDEX auth_group_permissions_permission_id_84c5c92e ON public.auth_group_permissions USING btree (permission_id);


--
-- Name: auth_permission_content_type_id_2f476e4b; Type: INDEX; Schema: public; Owner: myprojectuser
--

CREATE INDEX auth_permission_content_type_id_2f476e4b ON public.auth_permission USING btree (content_type_id);


--
-- Name: auth_user_groups_group_id_97559544; Type: INDEX; Schema: public; Owner: myprojectuser
--

CREATE INDEX auth_user_groups_group_id_97559544 ON public.auth_user_groups USING btree (group_id);


--
-- Name: auth_user_groups_user_id_6a12ed8b; Type: INDEX; Schema: public; Owner: myprojectuser
--

CREATE INDEX auth_user_groups_user_id_6a12ed8b ON public.auth_user_groups USING btree (user_id);


--
-- Name: auth_user_user_permissions_permission_id_1fbb5f2c; Type: INDEX; Schema: public; Owner: myprojectuser
--

CREATE INDEX auth_user_user_permissions_permission_id_1fbb5f2c ON public.auth_user_user_permissions USING btree (permission_id);


--
-- Name: auth_user_user_permissions_user_id_a95ead1b; Type: INDEX; Schema: public; Owner: myprojectuser
--

CREATE INDEX auth_user_user_permissions_user_id_a95ead1b ON public.auth_user_user_permissions USING btree (user_id);


--
-- Name: auth_user_username_6821ab7c_like; Type: INDEX; Schema: public; Owner: myprojectuser
--

CREATE INDEX auth_user_username_6821ab7c_like ON public.auth_user USING btree (username varchar_pattern_ops);


--
-- Name: django_admin_log_content_type_id_c4bce8eb; Type: INDEX; Schema: public; Owner: myprojectuser
--

CREATE INDEX django_admin_log_content_type_id_c4bce8eb ON public.django_admin_log USING btree (content_type_id);


--
-- Name: django_admin_log_user_id_c564eba6; Type: INDEX; Schema: public; Owner: myprojectuser
--

CREATE INDEX django_admin_log_user_id_c564eba6 ON public.django_admin_log USING btree (user_id);


--
-- Name: django_girls_app_entry_topic_id_196c56f3; Type: INDEX; Schema: public; Owner: myprojectuser
--

CREATE INDEX django_girls_app_entry_topic_id_196c56f3 ON public.django_girls_app_entry USING btree (topic_id);


--
-- Name: django_girls_app_topic_owner_id_aed35ce7; Type: INDEX; Schema: public; Owner: myprojectuser
--

CREATE INDEX django_girls_app_topic_owner_id_aed35ce7 ON public.django_girls_app_topic USING btree (owner_id);


--
-- Name: django_session_expire_date_a5c62663; Type: INDEX; Schema: public; Owner: myprojectuser
--

CREATE INDEX django_session_expire_date_a5c62663 ON public.django_session USING btree (expire_date);


--
-- Name: django_session_session_key_c0390e0f_like; Type: INDEX; Schema: public; Owner: myprojectuser
--

CREATE INDEX django_session_session_key_c0390e0f_like ON public.django_session USING btree (session_key varchar_pattern_ops);


--
-- Name: auth_group_permissions auth_group_permissio_permission_id_84c5c92e_fk_auth_perm; Type: FK CONSTRAINT; Schema: public; Owner: myprojectuser
--

ALTER TABLE ONLY public.auth_group_permissions
    ADD CONSTRAINT auth_group_permissio_permission_id_84c5c92e_fk_auth_perm FOREIGN KEY (permission_id) REFERENCES public.auth_permission(id) DEFERRABLE INITIALLY DEFERRED;


--
-- Name: auth_group_permissions auth_group_permissions_group_id_b120cbf9_fk_auth_group_id; Type: FK CONSTRAINT; Schema: public; Owner: myprojectuser
--

ALTER TABLE ONLY public.auth_group_permissions
    ADD CONSTRAINT auth_group_permissions_group_id_b120cbf9_fk_auth_group_id FOREIGN KEY (group_id) REFERENCES public.auth_group(id) DEFERRABLE INITIALLY DEFERRED;


--
-- Name: auth_permission auth_permission_content_type_id_2f476e4b_fk_django_co; Type: FK CONSTRAINT; Schema: public; Owner: myprojectuser
--

ALTER TABLE ONLY public.auth_permission
    ADD CONSTRAINT auth_permission_content_type_id_2f476e4b_fk_django_co FOREIGN KEY (content_type_id) REFERENCES public.django_content_type(id) DEFERRABLE INITIALLY DEFERRED;


--
-- Name: auth_user_groups auth_user_groups_group_id_97559544_fk_auth_group_id; Type: FK CONSTRAINT; Schema: public; Owner: myprojectuser
--

ALTER TABLE ONLY public.auth_user_groups
    ADD CONSTRAINT auth_user_groups_group_id_97559544_fk_auth_group_id FOREIGN KEY (group_id) REFERENCES public.auth_group(id) DEFERRABLE INITIALLY DEFERRED;


--
-- Name: auth_user_groups auth_user_groups_user_id_6a12ed8b_fk_auth_user_id; Type: FK CONSTRAINT; Schema: public; Owner: myprojectuser
--

ALTER TABLE ONLY public.auth_user_groups
    ADD CONSTRAINT auth_user_groups_user_id_6a12ed8b_fk_auth_user_id FOREIGN KEY (user_id) REFERENCES public.auth_user(id) DEFERRABLE INITIALLY DEFERRED;


--
-- Name: auth_user_user_permissions auth_user_user_permi_permission_id_1fbb5f2c_fk_auth_perm; Type: FK CONSTRAINT; Schema: public; Owner: myprojectuser
--

ALTER TABLE ONLY public.auth_user_user_permissions
    ADD CONSTRAINT auth_user_user_permi_permission_id_1fbb5f2c_fk_auth_perm FOREIGN KEY (permission_id) REFERENCES public.auth_permission(id) DEFERRABLE INITIALLY DEFERRED;


--
-- Name: auth_user_user_permissions auth_user_user_permissions_user_id_a95ead1b_fk_auth_user_id; Type: FK CONSTRAINT; Schema: public; Owner: myprojectuser
--

ALTER TABLE ONLY public.auth_user_user_permissions
    ADD CONSTRAINT auth_user_user_permissions_user_id_a95ead1b_fk_auth_user_id FOREIGN KEY (user_id) REFERENCES public.auth_user(id) DEFERRABLE INITIALLY DEFERRED;


--
-- Name: django_admin_log django_admin_log_content_type_id_c4bce8eb_fk_django_co; Type: FK CONSTRAINT; Schema: public; Owner: myprojectuser
--

ALTER TABLE ONLY public.django_admin_log
    ADD CONSTRAINT django_admin_log_content_type_id_c4bce8eb_fk_django_co FOREIGN KEY (content_type_id) REFERENCES public.django_content_type(id) DEFERRABLE INITIALLY DEFERRED;


--
-- Name: django_admin_log django_admin_log_user_id_c564eba6_fk_auth_user_id; Type: FK CONSTRAINT; Schema: public; Owner: myprojectuser
--

ALTER TABLE ONLY public.django_admin_log
    ADD CONSTRAINT django_admin_log_user_id_c564eba6_fk_auth_user_id FOREIGN KEY (user_id) REFERENCES public.auth_user(id) DEFERRABLE INITIALLY DEFERRED;


--
-- Name: django_girls_app_entry django_girls_app_ent_topic_id_196c56f3_fk_django_gi; Type: FK CONSTRAINT; Schema: public; Owner: myprojectuser
--

ALTER TABLE ONLY public.django_girls_app_entry
    ADD CONSTRAINT django_girls_app_ent_topic_id_196c56f3_fk_django_gi FOREIGN KEY (topic_id) REFERENCES public.django_girls_app_topic(id) DEFERRABLE INITIALLY DEFERRED;


--
-- Name: django_girls_app_topic django_girls_app_topic_owner_id_aed35ce7_fk_auth_user_id; Type: FK CONSTRAINT; Schema: public; Owner: myprojectuser
--

ALTER TABLE ONLY public.django_girls_app_topic
    ADD CONSTRAINT django_girls_app_topic_owner_id_aed35ce7_fk_auth_user_id FOREIGN KEY (owner_id) REFERENCES public.auth_user(id) DEFERRABLE INITIALLY DEFERRED;


--
-- PostgreSQL database dump complete
--

